"","color","Intercept","Slope"
"1","T",-9.22204732601122,0.951897018789435
"2","G",-10.9632930840104,1.09246117259428
"3","O",-10.4145776963361,0.989187855167313
